freq, ang, val
1, -180, -5.352
2, -180, -7.1926
3, -180, -26.5196
4, -180, -12.9028
5, -180, -12.5803
6, -180, -13.3157
7, -180, -16.1741
8, -180, -50.5663
9, -180, -16.7619
10, -180, -15.1063
11, -180, -15.6579
12, -180, -16.5446
13, -180, -17.1507
14, -180, -16.1732
15, -180, -16.6331
16, -180, -16.6116
17, -180, -17.056
18, -180, -43.5126
19, -180, -30.2374
20, -180, -45.394
21, -180, -19.1857
22, -180, -14.506
23, -180, -13.9346
24, -180, -13.5504
25, -180, -15.7052
26, -180, -19.6443
27, -180, -33.952
28, -180, -15.7638
29, -180, -9.7969
30, -180, -5.4586
31, -180, -3.6656
32, -180, -1.8205
1, -177, -5.4168
2, -177, -7.4333
3, -177, -27.2163
4, -177, -12.9612
5, -177, -12.6234
6, -177, -13.3742
7, -177, -16.1966
8, -177, -45.0256
9, -177, -17.0195
10, -177, -15.3157
11, -177, -15.8231
12, -177, -16.5385
13, -177, -17.3147
14, -177, -16.2805
15, -177, -16.738
16, -177, -16.649
17, -177, -17.0629
18, -177, -47.2504
19, -177, -30.9849
20, -177, -50.6534
21, -177, -19.4255
22, -177, -14.6252
23, -177, -14.0326
24, -177, -13.6207
25, -177, -15.7072
26, -177, -19.5393
27, -177, -35.3126
28, -177, -15.9923
29, -177, -9.9394
30, -177, -5.5564
31, -177, -3.7485
32, -177, -1.8834
1, -174, -5.516
2, -174, -7.698
3, -174, -27.6814
4, -174, -13.1276
5, -174, -12.7544
6, -174, -13.5008
7, -174, -16.2583
8, -174, -40.4128
9, -174, -17.4762
10, -174, -15.6844
11, -174, -16.1203
12, -174, -16.535
13, -174, -17.6447
14, -174, -16.5187
15, -174, -16.9751
16, -174, -16.7496
17, -174, -17.1058
18, -174, -70.7643
19, -174, -32.789
20, -174, -53.4989
21, -174, -19.9831
22, -174, -14.9142
23, -174, -14.2674
24, -174, -13.7888
25, -174, -15.6939
26, -174, -19.2331
27, -174, -41.2243
28, -174, -16.7062
29, -174, -10.3835
30, -174, -5.867
31, -174, -4.0108
32, -174, -2.0887
1, -171, -5.6505
2, -171, -7.9886
3, -171, -27.8846
4, -171, -13.4056
5, -171, -12.9765
6, -171, -13.6984
7, -171, -16.3621
8, -171, -36.6966
9, -171, -18.1542
10, -171, -16.2278
11, -171, -16.5624
12, -171, -16.5382
13, -171, -18.1586
14, -171, -16.9003
15, -171, -17.3578
16, -171, -16.9236
17, -171, -17.1955
18, -171, -43.1209
19, -171, -36.4161
20, -171, -40.3978
21, -171, -20.9103
22, -171, -15.3904
23, -171, -14.6542
24, -171, -14.069
25, -171, -15.6854
26, -171, -18.7848
27, -171, -46.5118
28, -171, -17.9957
29, -171, -11.1599
30, -171, -6.406
31, -171, -4.465
32, -171, -2.4469
1, -168, -5.8217
2, -168, -8.3078
3, -168, -27.8231
4, -168, -13.8019
5, -168, -13.2952
6, -168, -13.9712
7, -168, -16.5122
8, -168, -33.6766
9, -168, -19.0908
10, -168, -16.9706
11, -168, -17.1696
12, -168, -16.5542
13, -168, -18.8853
14, -168, -17.4451
15, -168, -17.9078
16, -168, -17.1859
17, -168, -17.3473
18, -168, -36.2572
19, -168, -45.873
20, -168, -34.4035
21, -168, -22.3092
22, -168, -16.0841
23, -168, -15.2194
24, -168, -14.4849
25, -168, -15.7129
26, -168, -18.2733
27, -168, -33.1206
28, -168, -20.0673
29, -168, -12.3289
30, -168, -7.2026
31, -168, -5.1341
32, -168, -2.9765
1, -165, -6.0312
2, -165, -8.6586
3, -165, -27.5228
4, -165, -14.3272
5, -165, -13.7189
6, -165, -14.326
7, -165, -16.7151
8, -165, -31.1937
9, -165, -20.3471
10, -165, -17.9511
11, -165, -17.9722
12, -165, -16.5919
13, -165, -19.8713
14, -165, -18.1836
15, -165, -18.6586
16, -165, -17.5575
17, -165, -17.5821
18, -165, -32.0262
19, -165, -43.5244
20, -165, -30.4176
21, -165, -24.3825
22, -165, -17.044
23, -165, -16.0034
24, -165, -15.0711
25, -165, -15.816
26, -165, -17.7808
27, -165, -27.5269
28, -165, -23.4254
29, -165, -14.0006
30, -165, -8.3041
31, -165, -6.0538
32, -165, -3.7051
1, -162, -6.2813
2, -162, -9.0451
3, -162, -27.0309
4, -162, -14.9975
5, -162, -14.2598
6, -162, -14.7722
7, -162, -16.9794
8, -162, -29.1376
9, -162, -22.0287
10, -162, -19.2304
11, -162, -19.0163
12, -162, -16.6621
13, -162, -21.1921
14, -162, -19.1622
15, -162, -19.6615
16, -162, -18.067
17, -162, -17.9269
18, -162, -29.0225
19, -162, -34.1705
20, -162, -27.4842
21, -162, -27.5934
22, -162, -18.3485
23, -162, -17.0679
24, -162, -15.8771
25, -162, -16.0416
26, -162, -17.3831
27, -162, -24.0131
28, -162, -29.8029
29, -162, -16.387
30, -162, -9.7873
31, -162, -7.2786
32, -162, -4.6728
1, -159, -6.5748
2, -159, -9.4719
3, -159, -26.4043
4, -159, -15.8361
5, -159, -14.9347
6, -159, -15.3226
7, -159, -17.3163
8, -159, -27.4335
9, -159, -24.3341
10, -159, -20.9108
11, -159, -20.3747
12, -159, -16.7781
13, -159, -22.9798
14, -159, -20.4545
15, -159, -20.999
16, -159, -18.7534
17, -159, -18.4166
18, -159, -26.787
19, -159, -29.6482
20, -159, -25.2438
21, -159, -33.421
22, -159, -20.1311
23, -159, -18.5104
24, -159, -16.9748
25, -159, -16.4442
26, -159, -17.1473
27, -159, -21.5999
28, -159, -48.3712
29, -159, -19.9669
30, -159, -11.7818
31, -159, -8.8937
32, -159, -5.9377
1, -156, -6.9151
2, -156, -9.9454
3, -156, -25.6992
4, -156, -16.8778
5, -156, -15.7681
6, -156, -15.995
7, -156, -17.7405
8, -156, -26.0308
9, -156, -27.7049
10, -156, -23.1808
11, -156, -22.1712
12, -156, -16.956
13, -156, -25.4931
14, -156, -22.1852
15, -156, -22.8142
16, -156, -19.6722
17, -156, -19.0978
18, -156, -25.1148
19, -156, -26.7469
20, -156, -23.5248
21, -156, -104.2676
22, -156, -22.6461
23, -156, -20.4993
24, -156, -18.4758
25, -156, -17.0895
26, -156, -17.1356
27, -156, -19.9369
28, -156, -28.2363
29, -156, -26.2722
30, -156, -14.5314
31, -156, -11.0414
32, -156, -7.5867
1, -153, -7.3068
2, -153, -10.4729
3, -153, -24.9643
4, -153, -18.1762
5, -153, -16.7955
6, -153, -16.814
7, -153, -18.2709
8, -153, -24.8957
9, -153, -33.511
10, -153, -26.45
11, -153, -24.6421
12, -153, -17.2146
13, -153, -29.3579
14, -153, -24.5924
15, -153, -25.3893
16, -153, -20.9075
17, -153, -20.0356
18, -153, -23.9028
19, -153, -24.7444
20, -153, -22.2373
21, -153, -33.4302
22, -153, -26.4901
23, -153, -23.3706
24, -153, -20.5721
25, -153, -18.0636
26, -153, -17.411
27, -153, -18.8687
28, -153, -23.0916
29, -153, -60.2958
30, -153, -18.5942
31, -153, -13.9898
32, -153, -9.7607
1, -150, -7.7552
2, -150, -11.0644
3, -150, -24.2386
4, -150, -19.8186
5, -150, -18.0711
6, -150, -17.8149
7, -150, -18.9328
8, -150, -24.0068
9, -150, -59.6392
10, -150, -31.9332
11, -150, -28.3371
12, -150, -17.5773
13, -150, -36.9841
14, -150, -28.2296
15, -150, -29.4249
16, -150, -22.5982
17, -150, -21.3293
18, -150, -23.1009
19, -150, -23.3683
20, -150, -21.3358
21, -150, -27.6285
22, -150, -33.8414
23, -150, -28.0023
24, -150, -23.658
25, -150, -19.4917
26, -150, -18.0486
27, -150, -18.3274
28, -150, -20.4001
29, -150, -26.8733
30, -150, -25.8978
31, -150, -18.3668
32, -150, -12.718
1, -147, -8.2674
2, -147, -11.7324
3, -147, -23.552
4, -147, -21.9614
5, -147, -19.6828
6, -147, -19.0508
7, -147, -19.7612
8, -147, -23.3533
9, -147, -34.6952
10, -147, -50.252
11, -147, -35.185
12, -147, -18.0731
13, -147, -44.364
14, -147, -35.0429
15, -147, -37.8513
16, -147, -25.0085
17, -147, -23.1471
18, -147, -22.6933
19, -147, -22.4984
20, -147, -20.8039
21, -147, -24.4943
22, -147, -44.0247
23, -147, -38.8742
24, -147, -28.8351
25, -147, -21.5871
26, -147, -19.1526
27, -147, -18.298
28, -147, -18.9243
29, -147, -21.7456
30, -147, -40.5952
31, -147, -26.5085
32, -147, -17.0445
1, -144, -8.8524
2, -144, -12.4936
3, -144, -22.9267
4, -144, -24.9262
5, -144, -21.7868
6, -144, -20.6065
7, -144, -20.8067
8, -144, -22.9333
9, -144, -28.7149
10, -144, -34.6432
11, -144, -48.9899
12, -144, -18.7404
13, -144, -31.7094
14, -144, -48.4739
15, -144, -41.2712
16, -144, -28.7656
17, -144, -25.8248
18, -144, -22.6937
19, -144, -22.0876
20, -144, -20.6493
21, -144, -22.5746
22, -144, -30.1144
23, -144, -35.8569
24, -144, -43.7405
25, -144, -24.7945
26, -144, -20.8936
27, -144, -18.8111
28, -144, -18.289
29, -144, -19.3203
30, -144, -24.5408
31, -144, -35.6099
32, -144, -24.7929
1, -141, -9.5219
2, -141, -13.3708
3, -141, -22.38
4, -141, -29.5696
5, -141, -24.7044
6, -141, -22.6298
7, -141, -22.1471
8, -141, -22.755
9, -141, -25.4991
10, -141, -28.2113
11, -141, -32.3913
12, -141, -19.6329
13, -141, -26.9407
14, -141, -32.0395
15, -141, -30.4845
16, -141, -36.2508
17, -141, -30.2429
18, -141, -23.1506
19, -141, -22.1366
20, -141, -20.907
21, -141, -21.438
22, -141, -25.4965
23, -141, -27.6927
24, -141, -33.2205
25, -141, -30.4321
26, -141, -23.6068
27, -141, -19.9548
28, -141, -18.3676
29, -141, -18.2111
30, -141, -20.3138
31, -141, -23.4246
32, -141, -37.6952
1, -138, -10.2916
2, -138, -14.3961
3, -138, -21.9258
4, -138, -40.2738
5, -138, -29.2876
6, -138, -25.4185
7, -138, -23.9145
8, -138, -22.8387
9, -138, -23.4633
10, -138, -24.8433
11, -138, -27.2607
12, -138, -20.8317
13, -138, -24.1005
14, -138, -26.8756
15, -138, -25.9745
16, -138, -43.889
17, -138, -40.9442
18, -138, -24.1667
19, -138, -22.6933
20, -138, -21.6499
21, -138, -20.9216
22, -138, -23.0106
23, -138, -24.0775
24, -138, -26.5285
25, -138, -52.3833
26, -138, -28.1633
27, -138, -21.9216
28, -138, -19.1576
29, -138, -18.0299
30, -138, -18.4812
31, -138, -19.7644
32, -138, -23.4019
1, -135, -11.1827
2, -135, -15.617
3, -135, -21.5763
4, -135, -37.3702
5, -135, -39.8717
6, -135, -29.7347
7, -135, -26.3626
8, -135, -23.2216
9, -135, -22.1366
10, -135, -22.7212
11, -135, -24.3075
12, -135, -22.4714
13, -135, -22.2189
14, -135, -23.8848
15, -135, -23.2342
16, -135, -31.005
17, -135, -37.4062
18, -135, -25.9536
19, -135, -23.8745
20, -135, -23.0201
21, -135, -20.9783
22, -135, -21.6314
23, -135, -22.0905
24, -135, -23.3677
25, -135, -32.5201
26, -135, -38.9752
27, -135, -25.1613
28, -135, -20.7714
29, -135, -18.674
30, -135, -17.9396
31, -135, -18.3162
32, -135, -19.6907
1, -132, -12.2256
2, -132, -17.1085
3, -132, -21.3441
4, -132, -28.8574
5, -132, -37.0671
6, -132, -39.0385
7, -132, -30.0976
8, -132, -23.9694
9, -132, -21.3261
10, -132, -21.3316
11, -132, -22.3831
12, -132, -24.8098
13, -132, -20.9595
14, -132, -21.928
15, -132, -21.4114
16, -132, -26.1863
17, -132, -28.9462
18, -132, -29.011
19, -132, -25.9367
20, -132, -25.3166
21, -132, -21.6414
22, -132, -21.0351
23, -132, -21.0765
24, -132, -21.6733
25, -132, -26.7018
26, -132, -36.3064
27, -132, -31.1038
28, -132, -23.5218
29, -132, -20.2054
30, -132, -18.3909
31, -132, -18.1505
32, -132, -18.3838
1, -129, -13.465
2, -129, -18.9987
3, -129, -21.2435
4, -129, -24.803
5, -129, -28.4465
6, -129, -39.6373
7, -129, -37.3969
8, -129, -25.1996
9, -129, -20.9475
10, -129, -20.4671
11, -129, -21.1092
12, -129, -28.4607
13, -129, -20.1772
14, -129, -20.63
15, -129, -20.2019
16, -129, -23.3397
17, -129, -24.9345
18, -129, -35.0255
19, -129, -29.5348
20, -129, -29.3207
21, -129, -23.0408
22, -129, -21.1178
23, -129, -20.818
24, -129, -20.9215
25, -129, -23.9324
26, -129, -28.3075
27, -129, -64.2558
28, -129, -28.3233
29, -129, -22.8983
30, -129, -19.818
31, -129, -19.0337
32, -129, -18.4627
1, -126, -14.9711
2, -126, -21.5372
3, -126, -21.2928
4, -126, -22.2121
5, -126, -24.3111
6, -126, -29.9325
7, -126, -45.9732
8, -126, -27.1455
9, -126, -20.9754
10, -126, -20.0367
11, -126, -20.3255
12, -126, -35.7421
13, -126, -19.8101
14, -126, -19.8333
15, -126, -19.4754
16, -126, -21.4914
17, -126, -22.4722
18, -126, -55.0806
19, -126, -37.3358
20, -126, -38.6792
21, -126, -25.4994
22, -126, -21.8966
23, -126, -21.2693
24, -126, -20.9459
25, -126, -22.5704
26, -126, -25.0062
27, -126, -32.4097
28, -126, -40.3665
29, -126, -27.5924
30, -126, -22.4466
31, -126, -21.0206
32, -126, -19.6993
1, -123, -16.8633
2, -123, -25.3224
3, -123, -21.5168
4, -123, -20.3847
5, -123, -21.6384
6, -123, -25.5459
7, -123, -32.3909
8, -123, -30.3627
9, -123, -21.4303
10, -123, -20.0099
11, -123, -19.9634
12, -123, -43.8378
13, -123, -19.8462
14, -123, -19.4723
15, -123, -19.1807
16, -123, -20.3112
17, -123, -20.8895
18, -123, -33.2176
19, -123, -42.3942
20, -123, -38.3971
21, -123, -29.9449
22, -123, -23.5169
23, -123, -22.5102
24, -123, -21.7433
25, -123, -22.1793
26, -123, -23.4594
27, -123, -27.2105
28, -123, -35.5722
29, -123, -38.7529
30, -123, -27.0461
31, -123, -24.5048
32, -123, -22.2092
1, -120, -19.3701
2, -120, -32.5995
3, -120, -21.9513
4, -120, -19.0464
5, -120, -19.7246
6, -120, -22.7493
7, -120, -27.3046
8, -120, -36.8497
9, -120, -22.3878
10, -120, -20.4015
11, -120, -20.0074
12, -120, -30.4501
13, -120, -20.3161
14, -120, -19.5358
15, -120, -19.317
16, -120, -19.6648
17, -120, -19.9406
18, -120, -27.7219
19, -120, -30.8394
20, -120, -29.0774
21, -120, -41.7065
22, -120, -26.3797
23, -120, -24.8082
24, -120, -23.4642
25, -120, -22.6466
26, -120, -23.0363
27, -120, -24.9463
28, -120, -28.4608
29, -120, -36.1907
30, -120, -37.5296
31, -120, -30.9576
32, -120, -26.6026
1, -117, -23.0243
2, -117, -41.4886
3, -117, -22.6513
4, -117, -18.0637
5, -117, -18.2933
6, -117, -20.7576
7, -117, -24.1536
8, -117, -48.794
9, -117, -24.0197
10, -117, -21.2775
11, -117, -20.4865
12, -117, -25.3719
13, -117, -21.3067
14, -117, -20.0597
15, -117, -19.9326
16, -117, -19.5085
17, -117, -19.5313
18, -117, -24.7131
19, -117, -26.3447
20, -117, -25.0341
21, -117, -35.9852
22, -117, -31.7844
23, -117, -28.944
24, -117, -26.5583
25, -117, -24.0473
26, -117, -23.5763
27, -117, -24.1568
28, -117, -25.7067
29, -117, -28.7213
30, -117, -36.98
31, -117, -68.6093
32, -117, -35.7039
1, -114, -29.676
2, -114, -27.6619
3, -114, -23.7075
4, -114, -17.3651
5, -114, -17.2096
6, -114, -19.2726
7, -114, -21.9197
8, -114, -32.6646
9, -114, -26.73
10, -114, -22.7885
11, -114, -21.4869
12, -114, -22.2361
13, -114, -23.0081
14, -114, -21.1437
15, -114, -21.1471
16, -114, -19.8615
17, -114, -19.6489
18, -114, -22.9193
19, -114, -23.8277
20, -114, -22.7546
21, -114, -28.3043
22, -114, -54.2434
23, -114, -38.7507
24, -114, -32.5981
25, -114, -26.7176
26, -114, -25.1616
27, -114, -24.4833
28, -114, -24.7409
29, -114, -26.0179
30, -114, -29.1214
31, -114, -32.7125
32, -114, -40.6906
1, -111, -44.8961
2, -111, -22.4509
3, -111, -25.2839
4, -111, -16.9117
5, -111, -16.3998
6, -111, -18.1521
7, -111, -20.2459
8, -111, -27.1276
9, -111, -31.768
10, -111, -25.28
11, -111, -23.2
12, -111, -20.0393
13, -111, -25.8717
14, -111, -23.0103
15, -111, -23.2285
16, -111, -20.815
17, -111, -20.3531
18, -111, -21.9579
19, -111, -22.4073
20, -111, -21.5126
21, -111, -24.8108
22, -111, -33.4141
23, -111, -37.8883
24, -111, -58.3234
25, -111, -31.7851
26, -111, -28.2137
27, -111, -25.9324
28, -111, -25.0271
29, -111, -25.2089
30, -111, -26.4697
31, -111, -28.4236
32, -111, -31.2657
1, -108, -26.9661
2, -108, -19.1372
3, -108, -27.7259
4, -108, -16.6851
5, -108, -15.8223
6, -108, -17.3199
7, -108, -18.9679
8, -108, -23.7053
9, -108, -51.2845
10, -108, -29.7455
11, -108, -26.0826
12, -108, -18.4299
13, -108, -31.363
14, -108, -26.2124
15, -108, -26.8801
16, -108, -22.5898
17, -108, -21.8123
18, -108, -21.7044
19, -108, -21.8055
20, -108, -21.0774
21, -108, -22.9562
22, -108, -27.5402
23, -108, -29.1513
24, -108, -32.2109
25, -108, -48.4688
26, -108, -34.3273
27, -108, -28.8821
28, -108, -26.5349
29, -108, -25.7421
30, -108, -25.8165
31, -108, -27.1176
32, -108, -28.6816
1, -105, -21.4607
2, -105, -16.6883
3, -105, -31.9887
4, -105, -16.6821
5, -105, -15.4546
6, -105, -16.7344
7, -105, -17.9997
8, -105, -21.2739
9, -105, -33.0032
10, -105, -42.4218
11, -105, -31.6317
12, -105, -17.2487
13, -105, -87.0181
14, -105, -32.7741
15, -105, -35.1605
16, -105, -25.7506
17, -105, -24.4468
18, -105, -22.1727
19, -105, -21.9601
20, -105, -21.4169
21, -105, -22.1571
22, -105, -24.7334
23, -105, -25.5751
24, -105, -27.1119
25, -105, -35.171
26, -105, -57.2459
27, -105, -34.8636
28, -105, -29.6907
29, -105, -27.6472
30, -105, -26.594
31, -105, -27.4863
32, -105, -28.3795
1, -102, -18.0887
2, -102, -14.7389
3, -102, -43.6597
4, -102, -16.9147
5, -102, -15.2876
6, -102, -16.3745
7, -102, -17.2944
8, -102, -19.4502
9, -102, -26.2602
10, -102, -34.1189
11, -102, -68.7647
12, -102, -16.4154
13, -102, -30.7323
14, -102, -44.2937
15, -102, -37.4401
16, -102, -32.416
17, -102, -29.6097
18, -102, -23.5263
19, -102, -22.9655
20, -102, -22.6661
21, -102, -22.2632
22, -102, -23.3807
23, -102, -23.8473
24, -102, -24.7444
25, -102, -28.9657
26, -102, -33.7348
27, -102, -60.6291
28, -102, -36.4343
29, -102, -31.6103
30, -102, -28.9057
31, -102, -29.3817
32, -102, -29.6859
1, -99, -15.6499
2, -99, -13.117
3, -99, -36.648
4, -99, -17.4122
5, -99, -15.3236
6, -99, -16.2345
7, -99, -16.8282
8, -99, -18.0597
9, -99, -22.4903
10, -99, -26.3429
11, -99, -30.7181
12, -99, -15.8908
13, -99, -24.5684
14, -99, -28.6098
15, -99, -26.7433
16, -99, -42.4755
17, -99, -55.0627
18, -99, -26.2488
19, -99, -25.1666
20, -99, -25.273
21, -99, -23.3599
22, -99, -23.0789
23, -99, -23.3111
24, -99, -23.8172
25, -99, -26.2254
26, -99, -28.8187
27, -99, -34.5377
28, -99, -48.6696
29, -99, -41.6545
30, -99, -33.8083
31, -99, -33.4699
32, -99, -32.8129
1, -96, -13.74
2, -96, -11.7278
3, -96, -28.2555
4, -96, -18.2307
5, -96, -15.5769
6, -96, -16.322
7, -96, -16.5933
8, -96, -17.0118
9, -96, -19.9454
10, -96, -22.2916
11, -96, -24.5945
12, -96, -15.6622
13, -96, -21.0394
14, -96, -23.2656
15, -96, -22.0764
16, -96, -27.6721
17, -96, -29.7684
18, -96, -32.11
19, -96, -29.7076
20, -96, -30.8668
21, -96, -25.8759
22, -96, -23.792
23, -96, -23.848
24, -96, -24.0434
25, -96, -25.0989
26, -96, -26.6347
27, -96, -29.5346
28, -96, -33.4339
29, -96, -39.7508
30, -96, -51.7563
31, -96, -44.3855
32, -96, -39.6886
1, -93, -12.1727
2, -93, -10.5136
3, -93, -23.7094
4, -93, -19.473
5, -93, -16.0768
6, -93, -16.6601
7, -93, -16.5966
8, -93, -16.2576
9, -93, -18.1156
10, -93, -19.6275
11, -93, -21.0566
12, -93, -15.7396
13, -93, -18.6717
14, -93, -20.067
15, -93, -19.1764
16, -93, -22.4055
17, -93, -23.3695
18, -93, -48.2249
19, -93, -46.2831
20, -93, -51.6966
21, -93, -31.4637
22, -93, -25.8036
23, -93, -25.6913
24, -93, -25.5521
25, -93, -25.1907
26, -93, -25.9512
27, -93, -27.3148
28, -93, -28.9324
29, -93, -31.2901
30, -93, -36.2305
31, -93, -40.2784
32, -93, -50.1998
1, -90, -10.8468
2, -90, -9.4367
3, -90, -20.501
4, -90, -21.3406
5, -90, -16.8757
6, -90, -17.2935
7, -90, -16.8606
8, -90, -15.7732
9, -90, -16.7858
10, -90, -17.7435
11, -90, -18.6612
12, -90, -16.1582
13, -90, -17.0107
14, -90, -17.9077
15, -90, -17.2071
16, -90, -19.2471
17, -90, -19.7989
18, -90, -28.9361
19, -90, -31.4443
20, -90, -28.5811
21, -90, -50.6143
22, -90, -30.2246
23, -90, -29.8528
24, -90, -29.1293
25, -90, -26.5892
26, -90, -26.5531
27, -90, -26.6147
28, -90, -26.8571
29, -90, -27.802
30, -90, -29.9899
31, -90, -32.2919
32, -90, -35.8079
1, -87, -9.7009
2, -87, -8.471
3, -87, -17.9918
4, -87, -24.2965
5, -87, -18.0664
6, -87, -18.3026
7, -87, -17.4297
8, -87, -15.5526
9, -87, -15.8502
10, -87, -16.3949
11, -87, -16.9586
12, -87, -16.9918
13, -87, -15.8631
14, -87, -16.4142
15, -87, -15.8632
16, -87, -17.1306
17, -87, -17.4657
18, -87, -23.24
19, -87, -24.4087
20, -87, -22.7354
21, -87, -28.8373
22, -87, -46.6927
23, -87, -44.0826
24, -87, -39.5113
25, -87, -30.0437
26, -87, -28.7661
27, -87, -27.2222
28, -87, -26.1959
29, -87, -26.179
30, -87, -27.0781
31, -87, -28.8134
32, -87, -31.1026
1, -84, -8.6952
2, -84, -7.5979
3, -84, -15.92
4, -84, -29.8412
5, -84, -19.8251
6, -84, -19.8387
7, -84, -18.3854
8, -84, -15.6072
9, -84, -15.2562
10, -84, -15.4652
11, -84, -15.7555
12, -84, -18.3859
13, -84, -15.1376
14, -84, -15.4233
15, -84, -15.0092
16, -84, -15.6929
17, -84, -15.8957
18, -84, -19.9044
19, -84, -20.6155
20, -84, -19.3851
21, -84, -23.0342
22, -84, -31.8959
23, -84, -32.434
24, -84, -34.6479
25, -84, -40.0294
26, -84, -34.2909
27, -84, -29.4926
28, -84, -26.7879
29, -84, -25.8285
30, -84, -25.7431
31, -84, -27.1118
32, -84, -28.6777
1, -81, -7.8022
2, -81, -6.8036
3, -81, -14.152
4, -81, -66.8854
5, -81, -22.5376
6, -81, -22.2218
7, -81, -19.8813
8, -81, -15.9685
9, -81, -14.9838
10, -81, -14.8978
11, -81, -14.9587
12, -81, -20.6544
13, -81, -14.7963
14, -81, -14.861
15, -81, -14.5869
16, -81, -14.7773
17, -81, -14.8944
18, -81, -17.705
19, -81, -18.1797
20, -81, -17.2207
21, -81, -19.7071
22, -81, -24.8761
23, -81, -25.0508
24, -81, -26.0218
25, -81, -35.9122
26, -81, -49.9339
27, -81, -35.2996
28, -81, -28.9856
29, -81, -26.7401
30, -81, -25.62
31, -81, -26.6684
32, -81, -27.6062
1, -78, -7.0022
2, -78, -6.0776
3, -78, -12.6104
4, -78, -28.6868
5, -78, -27.3374
6, -78, -26.318
7, -78, -22.2448
8, -78, -16.6986
9, -78, -15.0389
10, -78, -14.6728
11, -78, -14.5259
12, -78, -24.6511
13, -78, -14.8388
14, -78, -14.7043
15, -78, -14.5872
16, -78, -14.3163
17, -78, -14.3786
18, -78, -16.2447
19, -78, -16.5755
20, -78, -15.8297
21, -78, -17.5742
22, -78, -21.1431
23, -78, -21.198
24, -78, -21.8144
25, -78, -27.0735
26, -78, -30.7053
27, -78, -47.3127
28, -78, -34.5164
29, -78, -29.4531
30, -78, -26.826
31, -78, -27.5366
32, -78, -27.7948
1, -75, -6.2807
2, -75, -5.4118
3, -75, -11.246
4, -75, -22.324
5, -75, -42.9305
6, -75, -36.6649
7, -75, -26.3715
8, -75, -17.9155
9, -75, -15.4563
10, -75, -14.8
11, -75, -14.4496
12, -75, -34.8115
13, -75, -15.3033
14, -75, -14.9716
15, -75, -15.0467
16, -75, -14.2968
17, -75, -14.3284
18, -75, -15.3589
19, -75, -15.5957
20, -75, -15.0472
21, -75, -16.2315
22, -75, -18.8145
23, -75, -18.8073
24, -75, -19.2439
25, -75, -22.8177
26, -75, -24.9968
27, -75, -30.7238
28, -75, -49.9681
29, -75, -36.628
30, -75, -30.1503
31, -75, -30.3922
32, -75, -29.6863
1, -72, -5.6264
2, -72, -4.7996
3, -72, -10.0256
4, -72, -18.4624
5, -72, -29.7454
6, -72, -32.6682
7, -72, -37.1411
8, -72, -19.8593
9, -72, -16.3131
10, -72, -15.3233
11, -72, -14.7545
12, -72, -31.1095
13, -72, -16.2843
14, -72, -15.7323
15, -72, -16.0668
16, -72, -14.7551
17, -72, -14.7789
18, -72, -14.9847
19, -72, -15.1601
20, -72, -14.8184
21, -72, -15.5226
22, -72, -17.3748
23, -72, -17.3324
24, -72, -17.6586
25, -72, -20.2485
26, -72, -21.7537
27, -72, -25.2381
28, -72, -30.9643
29, -72, -40.7582
30, -72, -40.2577
31, -72, -38.8362
32, -72, -35.3089
1, -69, -5.0307
2, -69, -4.236
3, -69, -8.9257
4, -69, -15.6524
5, -69, -22.4048
6, -69, -23.7135
7, -69, -32.0718
8, -69, -23.1184
9, -69, -17.7668
10, -69, -16.3397
11, -69, -15.5085
12, -69, -22.0687
13, -69, -17.9874
14, -69, -17.1451
15, -69, -17.8786
16, -69, -15.7968
17, -69, -15.8403
18, -69, -15.1252
19, -69, -15.2648
20, -69, -15.1663
21, -69, -15.4059
22, -69, -16.6378
23, -69, -16.5789
24, -69, -16.8342
25, -69, -18.7091
26, -69, -19.7819
27, -69, -22.1346
28, -69, -25.3944
29, -69, -29.0075
30, -69, -35.6327
31, -69, -37.8623
32, -69, -45.4452
1, -66, -4.4869
2, -66, -3.7166
3, -66, -7.9289
4, -66, -13.4355
5, -66, -18.2549
6, -66, -19.1076
7, -66, -23.3385
8, -66, -29.9129
9, -66, -20.1685
10, -66, -18.0539
11, -66, -16.8562
12, -66, -17.4595
13, -66, -20.9136
14, -66, -19.5805
15, -66, -21.0718
16, -66, -17.6668
17, -66, -17.7752
18, -66, -15.8546
19, -66, -15.9837
20, -66, -16.2093
21, -66, -15.9299
22, -66, -16.5616
23, -66, -16.5042
24, -66, -16.7196
25, -66, -17.9889
26, -66, -18.7318
27, -66, -20.3229
28, -66, -22.3751
29, -66, -24.3405
30, -66, -27.0437
31, -66, -28.0749
32, -66, -29.8159
1, -63, -3.9892
2, -63, -3.2381
3, -63, -7.022
4, -63, -11.606
5, -63, -15.3168
6, -63, -15.9357
7, -63, -18.7687
8, -63, -38.6361
9, -63, -24.5256
10, -63, -20.9561
11, -63, -19.1202
12, -63, -14.313
13, -63, -26.8005
14, -63, -24.1502
15, -63, -27.9281
16, -63, -21.0069
17, -63, -21.293
18, -63, -17.3678
19, -63, -17.5203
20, -63, -18.2572
21, -63, -17.2714
22, -63, -17.2209
23, -63, -17.1886
24, -63, -17.3979
25, -63, -18.0707
26, -63, -18.5262
27, -63, -19.5019
28, -63, -20.7587
29, -63, -21.8493
30, -63, -23.1136
31, -63, -23.8186
32, -63, -24.4853
1, -60, -3.5331
2, -60, -2.7976
3, -60, -6.1948
4, -60, -10.0535
5, -60, -13.0345
6, -60, -13.5029
7, -60, -15.6051
8, -60, -24.3488
9, -60, -37.2802
10, -60, -26.7137
11, -60, -23.2024
12, -60, -11.9256
13, -60, -44.2823
14, -60, -39.2805
15, -60, -35.8644
16, -60, -28.4597
17, -60, -29.5645
18, -60, -20.1669
19, -60, -20.4129
20, -60, -22.2222
21, -60, -19.9108
22, -60, -18.8732
23, -60, -18.9089
24, -60, -19.1667
25, -60, -19.1191
26, -60, -19.282
27, -60, -19.6619
28, -60, -20.2758
29, -60, -20.7425
30, -60, -21.0921
31, -60, -21.6417
32, -60, -21.6999
1, -57, -3.115
2, -57, -2.3927
3, -57, -5.4393
4, -57, -8.7117
5, -57, -11.1709
6, -57, -11.5303
7, -57, -13.1736
8, -57, -18.8465
9, -57, -28.2979
10, -57, -46.8455
11, -57, -34.1215
12, -57, -10.0149
13, -57, -23.8128
14, -57, -26.4658
15, -57, -22.0362
16, -57, -33.1735
17, -57, -30.9584
18, -57, -26.0437
19, -57, -26.6735
20, -57, -33.4081
21, -57, -25.5612
22, -57, -22.2868
23, -57, -22.5099
24, -57, -22.9645
25, -57, -21.6791
26, -57, -21.4514
27, -57, -21.0788
28, -57, -21.032
29, -57, -20.9219
30, -57, -20.4589
31, -57, -20.9533
32, -57, -20.5043
1, -54, -2.7316
2, -54, -2.0212
3, -54, -4.7487
4, -54, -7.5374
5, -54, -9.6024
6, -54, -9.8777
7, -54, -11.2013
8, -54, -15.3004
9, -54, -20.3277
10, -54, -24.1804
11, -54, -28.6279
12, -54, -8.438
13, -54, -17.838
14, -54, -19.0246
15, -54, -16.6261
16, -54, -21.0448
17, -54, -20.2638
18, -54, -41.6713
19, -54, -37.8717
20, -54, -27.0372
21, -54, -43.2497
22, -54, -31.2924
23, -54, -32.6189
24, -54, -34.6185
25, -54, -27.9681
26, -54, -26.7609
27, -54, -24.7842
28, -54, -23.696
29, -54, -22.8043
30, -54, -21.2979
31, -54, -21.8593
32, -54, -20.8207
1, -51, -2.3803
2, -51, -1.6816
3, -51, -4.1178
4, -51, -6.5009
5, -51, -8.2562
6, -51, -8.4638
7, -51, -9.5497
8, -51, -12.6684
9, -51, -15.9758
10, -51, -18.085
11, -51, -19.9996
12, -51, -7.1115
13, -51, -14.1439
14, -51, -14.8488
15, -51, -13.164
16, -51, -15.8722
17, -51, -15.3348
18, -51, -22.5165
19, -51, -21.8736
20, -51, -18.5471
21, -51, -22.3737
22, -51, -29.4298
23, -51, -27.9936
24, -51, -26.7341
25, -51, -35.9261
26, -51, -43.0432
27, -51, -38.6108
28, -51, -31.8202
29, -51, -28.4636
30, -51, -24.5061
31, -51, -25.455
32, -51, -23.2979
1, -48, -2.0589
2, -48, -1.3724
3, -48, -3.542
4, -48, -5.5809
5, -48, -7.0855
6, -48, -7.2374
7, -48, -8.1387
8, -48, -10.5805
9, -48, -12.9413
10, -48, -14.3294
11, -48, -15.4876
12, -48, -5.9823
13, -48, -11.4655
14, -48, -11.9279
15, -48, -10.627
16, -48, -12.5129
17, -48, -12.0833
18, -48, -16.5805
19, -48, -16.178
20, -48, -14.0797
21, -48, -16.3137
22, -48, -19.62
23, -48, -18.9473
24, -48, -18.3594
25, -48, -21.5312
26, -48, -22.7476
27, -48, -26.2808
28, -48, -30.4962
29, -48, -37.0228
30, -48, -36.9238
31, -48, -43.6907
32, -48, -32.0606
1, -45, -1.7654
2, -45, -1.0923
3, -45, -3.0176
4, -45, -4.7615
5, -45, -6.0584
6, -45, -6.164
7, -45, -6.9174
8, -45, -8.8614
9, -45, -10.6146
10, -45, -11.6022
11, -45, -12.3901
12, -45, -5.0137
13, -45, -9.3807
14, -45, -9.6971
15, -45, -8.6473
16, -45, -10.0391
17, -45, -9.6759
18, -45, -12.8959
19, -45, -12.5854
20, -45, -11.0343
21, -45, -12.5809
22, -45, -14.7644
23, -45, -14.2707
24, -45, -13.8461
25, -45, -15.8441
26, -45, -16.5129
27, -45, -18.3289
28, -45, -20.0417
29, -45, -21.7622
30, -45, -26.2334
31, -45, -24.6159
32, -45, -28.213
1, -42, -1.4983
2, -42, -0.8404
3, -42, -2.5415
4, -42, -4.0306
5, -42, -5.1524
6, -42, -5.2191
7, -42, -5.8514
8, -42, -7.4137
9, -42, -8.7415
10, -42, -9.4724
11, -42, -10.0389
12, -42, -4.1794
13, -42, -7.6944
14, -42, -7.9145
15, -42, -7.0488
16, -42, -8.1064
17, -42, -7.7926
18, -42, -10.2319
19, -42, -9.9744
20, -42, -8.7529
21, -42, -9.8989
22, -42, -11.4987
23, -42, -11.094
24, -42, -10.7468
25, -42, -12.1871
26, -42, -12.6225
27, -42, -13.8232
28, -42, -14.8644
29, -42, -15.7983
30, -42, -17.9156
31, -42, -17.0861
32, -42, -18.3944
1, -39, -1.256
2, -39, -0.6156
3, -39, -2.111
4, -39, -3.3786
5, -39, -4.3505
6, -39, -4.3848
7, -39, -4.9162
8, -39, -6.1771
9, -39, -7.1904
10, -39, -7.7424
11, -39, -8.1618
12, -39, -3.4592
13, -39, -6.2993
14, -39, -6.4525
15, -39, -5.7319
16, -39, -6.5469
17, -39, -6.274
18, -39, -8.1723
19, -39, -7.9528
20, -39, -6.9632
21, -39, -7.8398
22, -39, -9.065
23, -39, -8.7204
24, -39, -8.4233
25, -39, -9.517
26, -39, -9.8156
27, -39, -10.6762
28, -39, -11.3793
29, -39, -11.9643
30, -39, -13.2674
31, -39, -12.665
32, -39, -13.3455
1, -36, -1.0375
2, -36, -0.4174
3, -36, -1.7238
4, -36, -2.7981
5, -36, -3.64
6, -36, -3.6474
7, -36, -4.0937
8, -36, -5.1118
9, -36, -5.8841
10, -36, -6.3048
11, -36, -6.6199
12, -36, -2.8375
13, -36, -5.1293
14, -36, -5.2348
15, -36, -4.6341
16, -36, -5.2649
17, -36, -5.0282
18, -36, -6.5227
19, -36, -6.3344
20, -36, -5.5237
21, -36, -6.204
22, -36, -7.1612
23, -36, -6.8645
24, -36, -6.6067
25, -36, -7.456
26, -36, -7.6638
27, -36, -8.301
28, -36, -8.7945
29, -36, -9.1779
30, -36, -10.0526
31, -36, -9.5657
32, -36, -9.9484
1, -33, -0.8415
2, -33, -0.2452
3, -33, -1.378
4, -33, -2.2829
5, -33, -3.0109
6, -33, -2.9964
7, -33, -3.3703
8, -33, -4.1898
9, -33, -4.7732
10, -33, -5.0941
11, -33, -5.3323
12, -33, -2.3017
13, -33, -4.1406
14, -33, -4.2116
15, -33, -3.7132
16, -33, -4.1999
17, -33, -3.9963
18, -33, -5.1752
19, -33, -5.0145
20, -33, -4.3499
21, -33, -4.8801
22, -33, -5.6334
23, -33, -5.3787
24, -33, -5.1555
25, -33, -5.8202
26, -33, -5.9642
27, -33, -6.4418
28, -33, -6.7926
29, -33, -7.0459
30, -33, -7.6538
31, -33, -7.2453
32, -33, -7.4583
1, -30, -0.6674
2, -30, -0.0983
3, -30, -1.072
4, -30, -1.8281
5, -30, -2.4554
6, -30, -2.4235
7, -30, -2.7352
8, -30, -3.3908
9, -30, -3.8239
10, -30, -4.0674
11, -30, -4.2472
12, -30, -1.8413
13, -30, -3.3022
14, -30, -3.3483
15, -30, -2.9388
16, -30, -3.3105
17, -30, -3.1378
18, -30, -4.0627
19, -30, -3.9275
20, -30, -3.3866
21, -30, -3.7986
22, -30, -4.3908
23, -30, -4.1746
24, -30, -3.9837
25, -30, -4.5033
26, -30, -4.6017
27, -30, -4.96
28, -30, -5.209
29, -30, -5.3744
30, -30, -5.8018
31, -30, -5.4564
32, -30, -5.5655
1, -27, -0.5141
2, -27, 0.0234
3, -27, -0.8044
4, -27, -1.4298
5, -27, -1.9672
6, -27, -1.9219
7, -27, -2.1801
8, -27, -2.6995
9, -27, -3.0124
10, -27, -3.1948
11, -27, -3.3297
12, -27, -1.4478
13, -27, -2.5914
14, -27, -2.6197
15, -27, -2.2882
16, -27, -2.5672
17, -27, -2.4234
18, -27, -3.1402
19, -27, -3.0288
20, -27, -2.5947
21, -27, -2.912
22, -27, -3.374
23, -27, -3.1939
24, -27, -3.0338
25, -27, -3.4369
26, -27, -3.5025
27, -27, -3.7696
28, -27, -3.9447
29, -27, -4.0496
30, -27, -4.3494
31, -27, -4.06
32, -27, -4.1047
1, -24, -0.3812
2, -24, 0.1204
3, -24, -0.574
4, -24, -1.0845
5, -24, -1.541
6, -24, -1.4863
7, -24, -1.6981
8, -24, -2.1041
9, -24, -2.3209
10, -24, -2.4549
11, -24, -2.5548
12, -24, -1.1136
13, -24, -1.9908
14, -24, -2.0066
15, -24, -1.7438
16, -24, -1.9477
17, -24, -1.8309
18, -24, -2.3757
19, -24, -2.2864
20, -24, -1.9454
21, -24, -2.186
22, -24, -2.5416
23, -24, -2.3953
24, -24, -2.2647
25, -24, -2.5729
26, -24, -2.6155
27, -24, -2.812
28, -24, -2.933
29, -24, -2.9967
30, -24, -3.2044
31, -24, -2.9667
32, -24, -2.9727
1, -21, -0.268
2, -21, 0.1926
3, -21, -0.3799
4, -21, -0.7895
5, -21, -1.1728
6, -21, -1.1123
7, -21, -1.2838
8, -21, -1.5953
9, -21, -1.736
10, -21, -1.8316
11, -21, -1.9043
12, -21, -0.8325
13, -21, -1.4869
14, -21, -1.4944
15, -21, -1.2917
16, -21, -1.4351
17, -21, -1.343
18, -21, -1.7455
19, -21, -1.6767
20, -21, -1.4165
21, -21, -1.595
22, -21, -1.8631
23, -21, -1.7481
24, -21, -1.6454
25, -21, -1.8761
26, -21, -1.9028
27, -21, -2.0444
28, -21, -2.1262
29, -21, -2.1625
30, -21, -2.3031
31, -21, -2.1139
32, -21, -2.0987
1, -18, -0.1741
2, -18, 0.2402
3, -18, -0.2215
4, -18, -0.5427
5, -18, -0.859
6, -18, -0.7964
7, -18, -0.9328
8, -18, -1.1659
9, -18, -1.2475
10, -18, -1.3128
11, -18, -1.3643
12, -18, -0.5992
13, -18, -1.0691
14, -18, -1.0712
15, -18, -0.9206
16, -18, -1.0159
17, -18, -0.9461
18, -18, -1.2316
19, -18, -1.1812
20, -18, -0.9907
21, -18, -1.1188
22, -18, -1.3151
23, -18, -1.2287
24, -18, -1.1517
25, -18, -1.3192
26, -18, -1.3353
27, -18, -1.4346
28, -18, -1.4883
29, -18, -1.507
30, -18, -1.599
31, -18, -1.4547
32, -18, -1.4304
1, -15, -0.0991
2, -15, 0.2632
3, -15, -0.0981
4, -15, -0.3422
5, -15, -0.597
6, -15, -0.5357
7, -15, -0.6414
8, -15, -0.8098
9, -15, -0.8472
10, -15, -0.8891
11, -15, -0.9243
12, -15, -0.4091
13, -15, -0.7289
14, -15, -0.7278
15, -15, -0.6216
16, -15, -0.6793
17, -15, -0.6292
18, -15, -0.82
19, -15, -0.7856
20, -15, -0.654
21, -15, -0.7419
22, -15, -0.8795
23, -15, -0.8184
24, -15, -0.7645
25, -15, -0.8809
26, -15, -0.8904
27, -15, -0.9571
28, -15, -0.991
29, -15, -0.9993
30, -15, -1.0565
31, -15, -0.9528
32, -15, -0.9274
1, -12, -0.0428
2, -12, 0.2614
3, -12, -0.0093
4, -12, -0.1868
5, -12, -0.3845
6, -12, -0.3281
7, -12, -0.4068
8, -12, -0.5226
9, -12, -0.5292
10, -12, -0.5534
11, -12, -0.5761
12, -12, -0.2585
13, -12, -0.4594
14, -12, -0.4568
15, -12, -0.3873
16, -12, -0.4169
17, -12, -0.3835
18, -12, -0.4999
19, -12, -0.4788
20, -12, -0.3954
21, -12, -0.4516
22, -12, -0.5424
23, -12, -0.5027
24, -12, -0.4685
25, -12, -0.5443
26, -12, -0.5498
27, -12, -0.592
28, -12, -0.6123
29, -12, -0.6151
30, -12, -0.648
31, -12, -0.5795
32, -12, -0.5577
1, -9, -0.0048
2, -9, 0.2346
3, -9, 0.0449
4, -9, -0.0754
5, -9, -0.2197
6, -9, -0.1717
7, -9, -0.2268
8, -9, -0.3005
9, -9, -0.2885
10, -9, -0.3002
11, -9, -0.3136
12, -9, -0.1443
13, -9, -0.2553
14, -9, -0.2524
15, -9, -0.2118
16, -9, -0.2222
17, -9, -0.2023
18, -9, -0.2631
19, -9, -0.2523
20, -9, -0.2062
21, -9, -0.2384
22, -9, -0.2927
23, -9, -0.2702
24, -9, -0.2516
25, -9, -0.2963
26, -9, -0.2996
27, -9, -0.3237
28, -9, -0.335
29, -9, -0.3353
30, -9, -0.3519
31, -9, -0.3122
32, -9, -0.2965
1, -6, 0.015
2, -6, 0.1824
3, -6, 0.0647
4, -6, -0.0073
5, -6, -0.1012
6, -6, -0.0653
7, -6, -0.0997
8, -6, -0.1407
9, -6, -0.1216
10, -6, -0.1253
11, -6, -0.1321
12, -6, -0.0642
13, -6, -0.1125
14, -6, -0.1101
15, -6, -0.0908
16, -6, -0.0899
17, -6, -0.0802
18, -6, -0.1033
19, -6, -0.0996
20, -6, -0.08
21, -6, -0.095
22, -6, -0.1224
23, -6, -0.1125
24, -6, -0.105
25, -6, -0.127
26, -6, -0.1289
27, -6, -0.1405
28, -6, -0.146
29, -6, -0.1456
30, -6, -0.152
31, -6, -0.1339
32, -6, -0.1246
1, -3, 0.0166
2, -3, 0.1044
3, -3, 0.0498
4, -3, 0.0178
5, -3, -0.0282
6, -3, -0.0082
7, -3, -0.0243
8, -3, -0.041
9, -3, -0.026
10, -3, -0.0259
11, -3, -0.0283
12, -3, -0.0164
13, -3, -0.0281
14, -3, -0.0267
15, -3, -0.0209
16, -3, -0.0167
17, -3, -0.0135
18, -3, -0.0165
19, -3, -0.0164
20, -3, -0.0121
21, -3, -0.0165
22, -3, -0.0259
23, -3, -0.0235
24, -3, -0.0223
25, -3, -0.0295
26, -3, -0.0305
27, -3, -0.0342
28, -3, -0.0361
29, -3, -0.0359
30, -3, -0.037
31, -3, -0.0322
32, -3, -0.0285
1, 0, -0.0
2, 0, 0.0
3, 0, 0.0
4, 0, 0.0
5, 0, -0.0
6, 0, 0.0
7, 0, -0.0
8, 0, -0.0
9, 0, -0.0
10, 0, 0.0
11, 0, -0.0
12, 0, 0.0
13, 0, 0.0
14, 0, 0.0
15, 0, 0.0
16, 0, 0.0
17, 0, 0.0
18, 0, 0.0
19, 0, 0.0
20, 0, 0.0
21, 0, 0.0
22, 0, 0.0
23, 0, -0.0
24, 0, -0.0
25, 0, 0.0
26, 0, 0.0
27, 0, 0.0
28, 0, 0.0
29, 0, 0.0
30, 0, -0.0
31, 0, -0.0
32, 0, 0.0
1, 3, -0.0348
2, 3, -0.1315
3, 3, -0.0853
4, 3, -0.061
5, 3, -0.0164
6, 3, -0.0407
7, 3, -0.0266
8, 3, -0.0167
9, 3, -0.0428
10, 3, -0.0468
11, 3, -0.046
12, 3, -0.0145
13, 3, -0.0272
14, 3, -0.029
15, 3, -0.027
16, 3, -0.0389
17, 3, -0.0386
18, 3, -0.053
19, 3, -0.0497
20, 3, -0.0427
21, 3, -0.0447
22, 3, -0.0439
23, 3, -0.0411
24, 3, -0.037
25, 3, -0.0372
26, 3, -0.0361
27, 3, -0.0363
28, 3, -0.0358
29, 3, -0.0359
30, 3, -0.0386
31, 3, -0.0346
32, 3, -0.0363
1, 6, -0.0879
2, 6, -0.291
3, 6, -0.2069
4, 6, -0.1657
5, 6, -0.0773
6, 6, -0.1307
7, 6, -0.1043
8, 6, -0.0909
9, 6, -0.1544
10, 6, -0.1662
11, 6, -0.1661
12, 6, -0.0603
13, 6, -0.1096
14, 6, -0.1135
15, 6, -0.1019
16, 6, -0.1335
17, 6, -0.1295
18, 6, -0.1761
19, 6, -0.1663
20, 6, -0.1412
21, 6, -0.1518
22, 6, -0.159
23, 6, -0.1482
24, 6, -0.1349
25, 6, -0.1427
26, 6, -0.1404
27, 6, -0.1448
28, 6, -0.1451
29, 6, -0.1453
30, 6, -0.1548
31, 6, -0.1382
32, 6, -0.1399
1, 9, -0.1596
2, 9, -0.4795
3, 9, -0.3656
4, 9, -0.3152
5, 9, -0.1834
6, 9, -0.271
7, 9, -0.2338
8, 9, -0.2227
9, 9, -0.3354
10, 9, -0.359
11, 9, -0.3609
12, 9, -0.1382
13, 9, -0.2478
14, 9, -0.2545
15, 9, -0.2255
16, 9, -0.2849
17, 9, -0.2743
18, 9, -0.3717
19, 9, -0.3524
20, 9, -0.2981
21, 9, -0.3244
22, 9, -0.349
23, 9, -0.3254
24, 9, -0.298
25, 9, -0.321
26, 9, -0.3179
27, 9, -0.3307
28, 9, -0.3335
29, 9, -0.3342
30, 9, -0.355
31, 9, -0.3178
32, 9, -0.3187
1, 12, -0.2501
2, 12, -0.6981
3, 12, -0.5627
4, 12, -0.5106
5, 12, -0.3353
6, 12, -0.463
7, 12, -0.4163
8, 12, -0.4129
9, 12, -0.5875
10, 12, -0.6271
11, 12, -0.6321
12, 12, -0.2498
13, 12, -0.4435
14, 12, -0.4537
15, 12, -0.3999
16, 12, -0.4957
17, 12, -0.4757
18, 12, -0.6435
19, 12, -0.6122
20, 12, -0.5177
21, 12, -0.5679
22, 12, -0.62
23, 12, -0.579
24, 12, -0.5331
25, 12, -0.5795
26, 12, -0.5762
27, 12, -0.6024
28, 12, -0.61
29, 12, -0.6122
30, 12, -0.6502
31, 12, -0.5851
32, 12, -0.5858
1, 15, -0.3599
2, 15, -0.9483
3, 15, -0.7998
4, 15, -0.7535
5, 15, -0.5342
6, 15, -0.7083
7, 15, -0.6537
8, 15, -0.6627
9, 15, -0.913
10, 15, -0.9729
11, 15, -0.9823
12, 15, -0.3975
13, 15, -0.6992
14, 15, -0.7138
15, 15, -0.6278
16, 15, -0.7692
17, 15, -0.7376
18, 15, -0.997
19, 15, -0.9517
20, 15, -0.8062
21, 15, -0.8895
22, 15, -0.9805
23, 15, -0.918
24, 15, -0.8497
25, 15, -0.9286
26, 15, -0.9266
27, 15, -0.9718
28, 15, -0.9874
29, 15, -0.9935
30, 15, -1.0558
31, 15, -0.9568
32, 15, -0.9599
1, 18, -0.4892
2, 18, -1.2318
3, 18, -1.0784
4, 18, -1.0463
5, 18, -0.7815
6, 18, -1.0096
7, 18, -0.9481
8, 18, -0.9739
9, 18, -1.315
10, 18, -1.4003
11, 18, -1.415
12, 18, -0.584
13, 18, -1.018
14, 18, -1.0388
15, 18, -0.9132
16, 18, -1.1101
17, 18, -1.0652
18, 18, -1.4391
19, 18, -1.3787
20, 18, -1.1713
21, 18, -1.2986
22, 18, -1.4419
23, 18, -1.3543
24, 18, -1.2602
25, 18, -1.3818
26, 18, -1.3836
27, 18, -1.4548
28, 18, -1.4829
29, 18, -1.4965
30, 18, -1.5928
31, 18, -1.4547
32, 18, -1.4653
1, 21, -0.6387
2, 21, -1.5505
3, 21, -1.401
4, 21, -1.3914
5, 21, -1.0794
6, 21, -1.3697
7, 21, -1.3025
8, 21, -1.3491
9, 21, -1.7978
10, 21, -1.9139
11, 21, -1.9348
12, 21, -0.813
13, 21, -1.4044
14, 21, -1.4332
15, 21, -1.2608
16, 21, -1.524
17, 21, -1.4648
18, 21, -1.979
19, 21, -1.9031
20, 21, -1.6228
21, 21, -1.8072
22, 21, -2.0184
23, 21, -1.9026
24, 21, -1.7803
25, 21, -1.9565
26, 21, -1.9658
27, 21, -2.0718
28, 21, -2.1183
29, 21, -2.1451
30, 21, -2.2877
31, 21, -2.1066
32, 21, -2.133
1, 24, -0.8091
2, 24, -1.9067
3, 24, -1.77
4, 24, -1.7922
5, 24, -1.4301
6, 24, -1.7926
7, 24, -1.7205
8, 24, -1.7912
9, 24, -2.3666
10, 24, -2.5199
11, 24, -2.5476
12, 24, -1.0889
13, 24, -1.8636
14, 24, -1.903
15, 24, -1.6765
16, 24, -2.0179
17, 24, -1.944
18, 24, -2.6275
19, 24, -2.5369
20, 24, -2.1723
21, 24, -2.4296
22, 24, -2.7282
23, 24, -2.5817
24, 24, -2.4292
25, 24, -2.6746
26, 24, -2.6964
27, 24, -2.8483
28, 24, -2.9217
29, 24, -2.9693
30, 24, -3.1747
31, 24, -2.9476
32, 24, -3.0021
1, 27, -1.001
2, 27, -2.3031
3, 27, -2.1886
4, 27, -2.2526
5, 27, -1.8369
6, 27, -2.2828
7, 27, -2.2067
8, 27, -2.304
9, 27, -3.028
10, 27, -3.2257
11, 27, -3.2606
12, 27, -1.4167
13, 27, -2.4019
14, 27, -2.4553
15, 27, -2.1672
16, 27, -2.6002
17, 27, -2.5119
18, 27, -3.3983
19, 27, -3.2949
20, 27, -2.8339
21, 27, -3.1838
22, 27, -3.5942
23, 27, -3.4147
24, 27, -3.2309
25, 27, -3.5636
26, 27, -3.6052
27, 27, -3.8172
28, 27, -3.9289
29, 27, -4.0081
30, 27, -4.2986
31, 27, -4.0227
32, 27, -4.1232
1, 30, -1.2154
2, 30, -2.7429
3, 30, -2.6605
4, 30, -2.7777
5, 30, -2.3033
6, 30, -2.8461
7, 30, -2.7668
8, 30, -2.8921
9, 30, -3.7903
10, 30, -4.041
11, 30, -4.0831
12, 30, -1.8025
13, 30, -3.0271
14, 30, -3.0985
15, 30, -2.7409
16, 30, -3.2805
17, 30, -3.179
18, 30, -4.3078
19, 30, -4.1952
20, 30, -3.624
21, 30, -4.0915
22, 30, -4.6459
23, 30, -4.4312
24, 30, -4.2155
25, 30, -4.6594
26, 30, -4.7302
27, 30, -5.0218
28, 30, -5.1872
29, 30, -5.313
30, 30, -5.7197
31, 30, -5.3917
32, 30, -5.5638
1, 33, -1.4532
2, 33, -3.2302
3, 33, -3.1904
4, 33, -3.3734
5, 33, -2.8341
6, 33, -3.49
7, 33, -3.4075
8, 33, -3.5613
9, 33, -4.6637
10, 33, -4.9776
11, 33, -5.0262
12, 33, -2.2534
13, 33, -3.7482
14, 33, -3.8431
15, 33, -3.4073
16, 33, -4.0704
17, 33, -3.9579
18, 33, -5.3768
19, 33, -5.2605
20, 33, -4.5629
21, 33, -5.1801
22, 33, -5.9223
23, 33, -5.6696
24, 33, -5.4217
25, 33, -6.0095
26, 33, -6.123
27, 33, -6.5211
28, 33, -6.7626
29, 33, -6.9566
30, 33, -7.5252
31, 33, -7.1391
32, 33, -7.4214
1, 36, -1.7156
2, 36, -3.7695
3, 36, -3.7839
4, 36, -4.0474
5, 36, -3.4346
6, 36, -4.2233
7, 36, -4.1377
8, 36, -4.3182
9, 36, -5.6613
10, 36, -6.0509
11, 36, -6.1041
12, 36, -2.7775
13, 36, -4.5765
14, 36, -4.7012
15, 36, -4.1776
16, 36, -4.9837
17, 36, -4.8633
18, 36, -6.6312
19, 36, -6.5195
20, 36, -5.6751
21, 36, -6.485
22, 36, -7.4774
23, 36, -7.1825
24, 36, -6.9023
25, 36, -7.6814
26, 36, -7.8566
27, 36, -8.4018
28, 36, -8.7537
29, 36, -9.0484
30, 36, -9.8526
31, 36, -9.3953
32, 36, -9.8501
1, 39, -2.0041
2, 39, -4.3667
3, 39, -4.4479
4, 39, -4.8093
5, 39, -4.1119
6, 39, -5.0578
7, 39, -4.9684
8, 39, -5.1712
9, 39, -6.7997
10, 39, -7.2807
11, 39, -7.3349
12, 39, -3.3848
13, 39, -5.5254
14, 39, -5.6882
15, 39, -5.0652
16, 39, -6.0368
17, 39, -5.9128
18, 39, -8.1049
19, 39, -8.0102
20, 39, -6.9916
21, 39, -8.0538
22, 39, -9.3908
23, 39, -9.0461
24, 39, -8.7327
25, 39, -9.7779
26, 39, -10.0441
27, 39, -10.8029
28, 39, -11.3234
29, 39, -11.7747
30, 39, -12.9502
31, 39, -12.389
32, 39, -13.1329
1, 42, -2.3202
2, 42, -5.029
3, 42, -5.1911
4, 42, -5.6715
5, 42, -4.8746
6, 42, -6.0085
7, 42, -5.9135
8, 42, -6.1306
9, 42, -8.1007
10, 42, -8.6932
11, 42, -8.7419
12, 42, -4.0871
13, 42, -6.6119
14, 42, -6.8232
15, 42, -6.0863
16, 42, -7.2501
17, 42, -7.128
18, 42, -9.844
19, 42, -9.7846
20, 42, -8.5528
21, 42, -9.9539
22, 42, -11.7908
23, 42, -11.3807
24, 42, -11.0306
25, 42, -12.4728
26, 42, -12.8808
27, 42, -13.9798
28, 42, -14.7863
29, 42, -15.5091
30, 42, -17.3719
31, 42, -16.6095
32, 42, -17.9257
1, 45, -2.6658
2, 45, -5.7655
3, 45, -6.0248
4, 45, -6.6504
5, 45, -5.7336
6, 45, -7.0958
7, 45, -6.992
8, 45, -7.2093
9, 45, -9.5938
10, 45, -10.3249
11, 45, -10.3566
12, 45, -4.8989
13, 45, -7.8575
14, 45, -8.1306
15, 45, -7.2609
16, 45, -8.649
17, 45, -8.5362
18, 45, -11.9138
19, 45, -11.9187
20, 45, -10.4137
21, 45, -12.2885
22, 45, -14.9106
23, 45, -14.3992
24, 45, -14.0025
25, 45, -16.1114
26, 45, -16.769
27, 45, -18.5143
28, 45, -19.9257
29, 45, -21.2606
30, 45, -24.9914
31, 45, -23.5773
32, 45, -26.7119
1, 48, -3.043
2, 48, -6.5879
3, 48, -6.9634
4, 48, -7.7681
5, 48, -6.703
6, 48, -8.3475
7, 48, -8.2291
8, 48, -8.4239
9, 48, -11.3203
10, 48, -12.2281
11, 48, -12.2227
12, 48, -5.8387
13, 48, -9.2906
14, 48, -9.6432
15, 48, -8.6148
16, 48, -10.2665
17, 48, -10.1725
18, 48, -14.414
19, 48, -14.5324
20, 48, -12.6544
21, 48, -15.2324
22, 48, -19.2689
23, 48, -18.5569
24, 48, -18.0824
25, 48, -21.5959
26, 48, -22.84
27, 48, -26.4535
28, 48, -30.2569
29, 48, -35.0831
30, 48, -41.3998
31, 48, -65.6944
32, 48, -34.9272
1, 51, -3.4545
2, 51, -7.5116
3, 51, -8.0266
4, 51, -9.0555
5, 51, -7.8018
6, 51, -9.8039
7, 51, -9.6608
8, 51, -9.7958
9, 51, -13.3414
10, 51, -14.483
11, 51, -14.4041
12, 51, -6.9307
13, 51, -10.9496
14, 51, -11.4064
15, 51, -10.1818
16, 51, -12.1471
17, 51, -12.0845
18, 51, -17.512
19, 51, -17.8375
20, 51, -15.4001
21, 51, -19.1313
22, 51, -26.5645
23, 51, -25.2256
24, 51, -24.5404
25, 51, -33.6242
26, 51, -39.2481
27, 51, -39.5405
28, 51, -31.8554
29, 51, -28.8006
30, 51, -24.9248
31, 51, -26.0265
32, 51, -24.0228
1, 54, -3.9033
2, 54, -8.5576
3, 54, -9.2415
4, 54, -10.558
5, 54, -9.0554
6, 54, -11.5261
7, 54, -11.3408
8, 54, -11.3545
9, 54, -15.7537
10, 54, -17.224
11, 54, -17.001
12, 54, -8.2076
13, 54, -12.8902
14, 54, -13.4872
15, 54, -12.0089
16, 54, -14.3536
17, 54, -14.34
18, 54, -21.5316
19, 54, -22.2807
20, 54, -18.8719
21, 54, -24.8791
22, 54, -48.2715
23, 54, -51.0135
24, 54, -45.1492
25, 54, -30.8894
26, 54, -28.7633
27, 54, -25.3821
28, 54, -23.5841
29, 54, -22.6356
30, 54, -21.1653
31, 54, -21.8121
32, 54, -21.0719
1, 57, -4.393
2, 57, -9.7554
3, 57, -10.6472
4, 57, -12.3465
5, 57, -10.5007
6, 57, -13.6142
7, 57, -13.3541
8, 57, -13.1413
9, 57, -18.7267
10, 57, -20.7051
11, 57, -20.1861
12, 57, -9.7164
13, 57, -15.1976
14, 57, -15.9922
15, 57, -14.1649
16, 57, -16.9809
17, 57, -17.0422
18, 57, -27.275
19, 57, -29.1741
20, 57, -23.5335
21, 57, -37.0114
22, 57, -27.4691
23, 57, -28.7845
24, 57, -29.1317
25, 57, -23.9311
26, 57, -23.2459
27, 57, -21.7824
28, 57, -20.8398
29, 57, -20.4557
30, 57, -19.8826
31, 57, -20.446
32, 57, -20.3573
1, 60, -4.928
2, 60, -11.1481
3, 60, -12.3035
4, 60, -14.5406
5, 60, -12.1923
6, 60, -16.2503
7, 60, -15.8499
8, 60, -15.2177
9, 60, -22.605
10, 60, -25.5203
11, 60, -24.3058
12, 60, -11.5287
13, 60, -18.015
14, 60, -19.1098
15, 60, -16.7586
16, 60, -20.1847
17, 60, -20.3635
18, 60, -38.3099
19, 60, -51.507
20, 60, -30.7481
21, 60, -35.2326
22, 60, -23.3839
23, 60, -24.1475
24, 60, -24.2459
25, 60, -21.519
26, 60, -21.3032
27, 60, -20.5532
28, 60, -19.9887
29, 60, -19.9299
30, 60, -19.9443
31, 60, -20.5417
32, 60, -20.9984
1, 63, -5.5136
2, 63, -12.803
3, 63, -14.3087
4, 63, -17.3678
5, 63, -14.2181
6, 63, -19.8243
7, 63, -19.1281
8, 63, -17.6822
9, 63, -28.3085
10, 63, -33.8235
11, 63, -30.2647
12, 63, -13.7636
13, 63, -21.6173
14, 63, -23.234
15, 63, -19.9819
16, 63, -24.2562
17, 63, -24.6351
18, 63, -40.5984
19, 63, -34.3528
20, 63, -55.1293
21, 63, -28.6461
22, 63, -21.9196
23, 63, -22.5832
24, 63, -22.6435
25, 63, -20.8909
26, 63, -20.9923
27, 63, -20.6787
28, 63, -20.3359
29, 63, -20.5283
30, 63, -21.0501
31, 63, -21.7455
32, 63, -22.7844
1, 66, -6.1566
2, 66, -14.8333
3, 66, -16.8412
4, 66, -21.3555
5, 66, -16.7334
6, 66, -25.4684
7, 66, -23.9595
8, 66, -20.7093
9, 66, -40.8163
10, 66, -45.3975
11, 66, -42.741
12, 66, -16.6442
13, 66, -26.6657
14, 66, -29.4774
15, 66, -24.234
16, 66, -29.8701
17, 66, -30.6651
18, 66, -33.3872
19, 66, -30.2011
20, 66, -36.3783
21, 66, -26.8947
22, 66, -21.8868
23, 66, -22.6102
24, 66, -22.7002
25, 66, -21.5066
26, 66, -21.9153
27, 66, -21.9491
28, 66, -21.7342
29, 66, -22.147
30, 66, -23.1938
31, 66, -24.0318
32, 66, -25.7978
1, 69, -6.8652
2, 69, -17.4527
3, 69, -20.2832
4, 69, -28.3177
5, 69, -20.0546
6, 69, -41.7438
7, 69, -33.8821
8, 69, -24.6616
9, 69, -37.2507
10, 69, -32.3224
11, 69, -40.628
12, 69, -20.6791
13, 69, -35.7493
14, 69, -45.7087
15, 69, -30.6382
16, 69, -39.531
17, 69, -41.9446
18, 69, -32.122
19, 69, -29.5523
20, 69, -33.0422
21, 69, -27.3072
22, 69, -23.0738
23, 69, -24.0046
24, 69, -24.1822
25, 69, -23.3742
26, 69, -24.1731
27, 69, -24.5477
28, 69, -24.3438
29, 69, -24.9547
30, 69, -26.6446
31, 69, -27.6548
32, 69, -30.5009
1, 72, -7.6501
2, 72, -21.1473
3, 72, -25.7355
4, 72, -44.8603
5, 72, -25.015
6, 72, -29.6718
7, 72, -34.6403
8, 72, -30.5374
9, 72, -30.4318
10, 72, -28.8025
11, 72, -34.2461
12, 72, -27.5679
13, 72, -42.964
14, 72, -35.8409
15, 72, -47.1671
16, 72, -49.0648
17, 72, -45.3123
18, 72, -33.7674
19, 72, -31.2016
20, 72, -33.7274
21, 72, -29.8248
22, 72, -25.7687
23, 72, -27.1965
24, 72, -27.5715
25, 72, -27.053
26, 72, -28.5509
27, 72, -29.3746
28, 72, -28.871
29, 72, -29.6293
30, 72, -32.367
31, 72, -33.5404
32, 72, -38.7211
1, 75, -8.5251
2, 75, -27.5131
3, 75, -41.1334
4, 75, -26.6745
5, 75, -35.7479
6, 75, -23.1689
7, 75, -25.5854
8, 75, -44.4012
9, 75, -27.9156
10, 75, -27.5333
11, 75, -32.5954
12, 75, -47.9808
13, 75, -32.4502
14, 75, -30.3203
15, 75, -37.3631
16, 75, -39.5211
17, 75, -38.8119
18, 75, -39.995
19, 75, -36.3688
20, 75, -38.7396
21, 75, -36.6463
22, 75, -31.4186
23, 75, -34.5985
24, 75, -35.7234
25, 75, -35.3618
26, 75, -39.8723
27, 75, -42.4268
28, 75, -38.9242
29, 75, -39.4547
30, 75, -46.7533
31, 75, -47.5769
32, 75, -55.6428
1, 78, -9.5089
2, 78, -52.775
3, 78, -30.0008
4, 78, -21.5892
5, 78, -34.0782
6, 78, -19.8865
7, 78, -21.7611
8, 78, -37.9539
9, 78, -27.0475
10, 78, -27.5622
11, 78, -33.1041
12, 78, -27.0601
13, 78, -29.3381
14, 78, -28.3714
15, 78, -32.1763
16, 78, -38.9569
17, 78, -39.2359
18, 78, -45.9456
19, 78, -54.3622
20, 78, -50.3926
21, 78, -42.8313
22, 78, -61.1872
23, 78, -40.7956
24, 78, -38.8036
25, 78, -39.1712
26, 78, -35.6161
27, 78, -35.4141
28, 78, -39.4516
29, 78, -41.7784
30, 78, -39.8371
31, 78, -42.1029
32, 78, -40.4744
1, 81, -10.6274
2, 81, -26.8566
3, 81, -23.187
4, 81, -18.6986
5, 81, -25.702
6, 81, -17.836
7, 81, -19.5238
8, 81, -31.5505
9, 81, -27.2728
10, 81, -28.7383
11, 81, -35.8243
12, 81, -22.0747
13, 81, -28.3238
14, 81, -28.0296
15, 81, -30.6734
16, 81, -43.6572
17, 81, -46.3462
18, 81, -32.814
19, 81, -33.2304
20, 81, -33.477
21, 81, -30.149
22, 81, -30.7692
23, 81, -28.7122
24, 81, -28.2522
25, 81, -28.6718
26, 81, -27.9654
27, 81, -28.6141
28, 81, -31.1099
29, 81, -33.2167
30, 81, -34.205
31, 81, -36.614
32, 81, -38.0502
1, 84, -11.9177
2, 84, -21.2018
3, 84, -19.6575
4, 84, -16.7842
5, 84, -21.9642
6, 84, -16.4638
7, 84, -18.0973
8, 84, -28.969
9, 84, -28.5328
10, 84, -31.3995
11, 84, -43.7427
12, 84, -19.4284
13, 84, -28.6058
14, 84, -28.9233
15, 84, -31.0098
16, 84, -52.0761
17, 84, -44.9792
18, 84, -27.6006
19, 84, -27.4346
20, 84, -27.762
21, 84, -25.27
22, 84, -25.2291
23, 84, -24.2376
24, 84, -24.0778
25, 84, -24.7262
26, 84, -24.7506
27, 84, -25.831
28, 84, -28.1985
29, 84, -30.5615
30, 84, -32.6726
31, 84, -35.4116
32, 84, -38.4732
1, 87, -13.4365
2, 87, -17.9137
3, 87, -17.3511
4, 87, -15.4398
5, 87, -19.7172
6, 87, -15.5379
7, 87, -17.1856
8, 87, -27.8589
9, 87, -31.1656
10, 87, -37.1826
11, 87, -44.5203
12, 87, -17.8346
13, 87, -30.1166
14, 87, -31.2494
15, 87, -33.1078
16, 87, -36.6556
17, 87, -34.3686
18, 87, -24.4691
19, 87, -24.1373
20, 87, -24.4009
21, 87, -22.4583
22, 87, -22.3679
23, 87, -21.8225
24, 87, -21.843
25, 87, -22.764
26, 87, -23.2486
27, 87, -24.7316
28, 87, -27.2656
29, 87, -30.0475
30, 87, -33.191
31, 87, -36.4108
32, 87, -41.1543
1, 90, -15.276
2, 90, -15.6243
3, 90, -15.6998
4, 90, -14.4808
5, 90, -18.2422
6, 90, -14.9409
7, 90, -16.6469
8, 90, -27.6514
9, 90, -36.6194
10, 90, -55.305
11, 90, -33.908
12, 90, -16.8773
13, 90, -33.3749
14, 90, -36.2276
15, 90, -38.3368
16, 90, -30.8052
17, 90, -29.296
18, 90, -22.4244
19, 90, -22.0465
20, 90, -22.2211
21, 90, -20.743
22, 90, -20.7878
23, 90, -20.5301
24, 90, -20.709
25, 90, -21.9535
26, 90, -22.8512
27, 90, -24.8024
28, 90, -27.7154
29, 90, -31.1695
30, 90, -35.8335
31, 90, -40.0242
32, 90, -48.5431
1, 93, -17.6019
2, 93, -13.8931
3, 93, -14.4643
4, 93, -13.8091
5, 93, -17.259
6, 93, -14.6072
7, 93, -16.4054
8, 93, -28.1704
9, 93, -69.2166
10, 93, -34.5482
11, 93, -29.0722
12, 93, -16.3746
13, 93, -41.107
14, 93, -59.847
15, 93, -62.0364
16, 93, -27.2002
17, 93, -26.051
18, 93, -21.1062
19, 93, -20.737
20, 93, -20.8176
21, 93, -19.7838
22, 93, -20.0688
23, 93, -20.051
24, 93, -20.3995
25, 93, -22.0489
26, 93, -23.41
27, 93, -26.0021
28, 93, -29.6354
29, 93, -34.4297
30, 93, -43.2146
31, 93, -53.0273
32, 93, -51.242
1, 96, -20.7616
2, 96, -12.5212
3, 96, -13.5211
4, 96, -13.3676
5, 96, -16.6316
6, 96, -14.4991
7, 96, -16.4195
8, 96, -29.4224
9, 96, -35.5192
10, 96, -28.8186
11, 96, -26.0075
12, 96, -16.2364
13, 96, -44.854
14, 96, -36.5992
15, 96, -36.1973
16, 96, -24.7265
17, 96, -23.8087
18, 96, -20.3495
19, 96, -20.0247
20, 96, -20.0099
21, 96, -19.4388
22, 96, -20.0626
23, 96, -20.287
24, 96, -20.8442
25, 96, -23.0448
26, 96, -25.0364
27, 96, -28.6979
28, 96, -33.9976
29, 96, -43.562
30, 96, -46.4739
31, 96, -42.7096
32, 96, -39.6941
1, 99, -25.7125
2, 99, -11.4019
3, 99, -12.7984
4, 99, -13.1219
5, 99, -16.287
6, 99, -14.5956
7, 99, -16.6682
8, 99, -31.6012
9, 99, -29.4836
10, 99, -25.4696
11, 99, -23.8802
12, 99, -16.4192
13, 99, -33.5022
14, 99, -30.1924
15, 99, -30.2
16, 99, -22.9816
17, 99, -22.2424
18, 99, -20.0757
19, 99, -19.8267
20, 99, -19.7139
21, 99, -19.6628
22, 99, -20.7557
23, 99, -21.2695
24, 99, -22.1189
25, 99, -25.1728
26, 99, -28.2531
27, 99, -34.4606
28, 99, -48.8435
29, 99, -42.0062
30, 99, -35.1842
31, 99, -35.079
32, 99, -34.678
1, 102, -38.0546
2, 102, -10.4709
3, 102, -12.2509
4, 102, -13.0512
5, 102, -16.1846
6, 102, -14.8882
7, 102, -17.1459
8, 102, -35.3223
9, 102, -26.0346
10, 102, -23.2221
11, 102, -22.3693
12, 102, -16.9087
13, 102, -28.7607
14, 102, -26.6695
15, 102, -26.7482
16, 102, -21.7746
17, 102, -21.1911
18, 102, -20.2573
19, 102, -20.1198
20, 102, -19.9032
21, 102, -20.4833
22, 102, -22.2609
23, 102, -23.1876
24, 102, -24.5193
25, 102, -29.2292
26, 102, -35.2568
27, 102, -56.8765
28, 102, -36.9809
29, 102, -32.8007
30, 102, -30.6492
31, 102, -31.3156
32, 102, -31.7843
1, 105, -31.6442
2, 105, -9.6867
3, 105, -11.8481
4, 105, -13.1444
5, 105, -16.304
6, 105, -15.3784
7, 105, -17.8609
8, 105, -43.2325
9, 105, -23.7356
10, 105, -21.6525
11, 105, -21.3186
12, 105, -17.715
13, 105, -25.8714
14, 105, -24.3916
15, 105, -24.4678
16, 105, -21.0037
17, 105, -20.5689
18, 105, -20.9086
19, 105, -20.9322
20, 105, -20.6002
21, 105, -22.0197
22, 105, -24.9208
23, 105, -26.5947
24, 105, -28.9792
25, 105, -39.4694
26, 105, -44.2569
27, 105, -33.0951
28, 105, -30.1204
29, 105, -28.8301
30, 105, -28.2857
31, 105, -29.3528
32, 105, -30.3628
1, 108, -23.8595
2, 108, -9.0206
3, 108, -11.569
4, 108, -13.398
5, 108, -16.6399
6, 108, -16.0787
7, 108, -18.8376
8, 108, -48.2581
9, 108, -22.1304
10, 108, -20.5697
11, 108, -20.6436
12, 108, -18.8765
13, 108, -23.9397
14, 108, -22.8634
15, 108, -22.9131
16, 108, -20.6138
17, 108, -20.3316
18, 108, -22.0945
19, 108, -22.3595
20, 108, -21.8893
21, 108, -24.5762
22, 108, -29.8172
23, 108, -33.6549
24, 108, -41.2021
25, 108, -36.7914
26, 108, -30.6873
27, 108, -27.7633
28, 108, -26.8922
29, 108, -26.8236
30, 108, -27.3642
31, 108, -28.8306
32, 108, -30.4728
1, 111, -19.8921
2, 111, -8.4523
3, 111, -11.3984
4, 111, -13.815
5, 111, -17.2
6, 111, -17.015
7, 111, -20.1231
8, 111, -36.7065
9, 111, -21.0169
10, 111, -19.8749
11, 111, -20.2982
12, 111, -20.4738
13, 111, -22.6347
14, 111, -21.8719
15, 111, -21.8856
16, 111, -20.5802
17, 111, -20.4646
18, 111, -23.9659
19, 111, -24.6266
20, 111, -23.9699
21, 111, -29.0278
22, 111, -45.0071
23, 111, -43.3529
24, 111, -34.4426
25, 111, -28.3029
26, 111, -26.0718
27, 111, -25.1101
28, 111, -25.3261
29, 111, -26.1747
30, 111, -27.861
31, 111, -29.9963
32, 111, -32.9064
1, 114, -17.2377
2, 114, -7.9663
3, 114, -11.3253
4, 114, -14.4063
5, 114, -18.0079
6, 114, -18.2332
7, 114, -21.8038
8, 114, -32.0847
9, 114, -20.2916
10, 114, -19.5157
11, 114, -20.2612
12, 114, -22.6694
13, 114, -21.8014
14, 114, -21.3119
15, 114, -21.285
16, 114, -20.9028
17, 114, -20.9805
18, 114, -26.8729
19, 114, -28.3083
20, 114, -27.3366
21, 114, -40.1566
22, 114, -33.4489
23, 114, -29.4357
24, 114, -26.8964
25, 114, -24.5686
26, 114, -23.6776
27, 114, -23.8619
28, 114, -24.9892
29, 114, -26.8743
30, 114, -30.3847
31, 114, -34.2775
32, 114, -42.6675
1, 117, -15.2592
2, 117, -7.5512
3, 117, -11.3413
4, 117, -15.1918
5, 117, -19.1088
6, 117, -19.8141
7, 117, -24.0441
8, 117, -29.3066
9, 117, -19.8988
10, 117, -19.4679
11, 117, -20.5318
12, 117, -25.8245
13, 117, -21.3606
14, 117, -21.1321
15, 117, -21.061
16, 117, -21.6084
17, 117, -21.9249
18, 117, -31.8368
19, 117, -35.5884
20, 117, -33.7054
21, 117, -35.9666
22, 117, -26.679
23, 117, -24.7267
24, 117, -23.3615
25, 117, -22.5569
26, 117, -22.5181
27, 117, -23.6981
28, 117, -25.9078
29, 117, -29.4858
30, 117, -38.2823
31, 117, -63.8769
32, 117, -36.2695
1, 120, -13.6963
2, 120, -7.1977
3, 120, -11.4401
4, 120, -16.205
5, 120, -20.5847
6, 120, -21.9071
7, 120, -27.2017
8, 120, -27.4519
9, 120, -19.8122
10, 120, -19.7296
11, 120, -21.1307
12, 120, -30.9863
13, 120, -21.275
14, 120, -21.3161
15, 120, -21.1958
16, 120, -22.7619
17, 120, -23.3979
18, 120, -45.5564
19, 120, -45.3241
20, 120, -52.4818
21, 120, -27.9194
22, 120, -23.3699
23, 120, -22.1758
24, 120, -21.3854
25, 120, -21.5984
26, 120, -22.3113
27, 120, -24.6412
28, 120, -28.6099
29, 120, -36.9208
30, 120, -38.0645
31, 120, -31.481
32, 120, -27.2837
1, 123, -12.4164
2, 123, -6.8986
3, 123, -11.6173
4, 123, -17.5009
5, 123, -22.59
6, 123, -24.8255
7, 123, -32.2957
8, 123, -26.1817
9, 123, -20.0267
10, 123, -20.3218
11, 123, -22.1077
12, 123, -45.245
13, 123, -21.5365
14, 123, -21.8779
15, 123, -21.6999
16, 123, -24.4976
17, 123, -25.6113
18, 123, -36.7511
19, 123, -31.5543
20, 123, -32.1113
21, 123, -24.2221
22, 123, -21.4896
23, 123, -20.7496
24, 123, -20.3658
25, 123, -21.4824
26, 123, -23.0385
27, 123, -27.0894
28, 123, -35.6163
29, 123, -39.17
30, 123, -27.6887
31, 123, -25.0798
32, 123, -22.8159
1, 126, -11.343
2, 126, -6.6479
3, 126, -11.8693
4, 126, -19.1738
5, 126, -25.4539
6, 126, -29.4084
7, 126, -45.9041
8, 126, -25.3347
9, 126, -20.5589
10, 126, -21.2957
11, 126, -23.5624
12, 126, -35.618
13, 126, -22.1652
14, 126, -22.869
15, 126, -22.6175
16, 126, -27.1085
17, 126, -29.0791
18, 126, -29.6748
19, 126, -26.8707
20, 126, -26.8502
21, 126, -22.0878
22, 126, -20.4954
23, 126, -20.1105
24, 126, -20.0925
25, 126, -22.1957
26, 126, -24.9253
27, 126, -32.669
28, 126, -40.7565
29, 126, -28.0345
30, 126, -23.0282
31, 126, -21.547
32, 126, -20.2144
1, 129, -10.4281
2, 129, -6.4406
3, 129, -12.1936
4, 129, -21.399
5, 129, -30.0783
6, 129, -39.9026
7, 129, -37.296
8, 129, -24.8225
9, 129, -21.4523
10, 129, -22.7545
11, 129, -25.6982
12, 129, -28.5481
13, 129, -23.2182
14, 129, -24.4026
15, 129, -24.0462
16, 129, -31.3817
17, 129, -35.6056
18, 129, -26.2408
19, 129, -24.2673
20, 129, -23.9707
21, 129, -20.8517
22, 129, -20.1865
23, 129, -20.1386
24, 129, -20.5167
25, 129, -23.9129
26, 129, -28.7734
27, 129, -52.341
28, 129, -28.5121
29, 129, -23.2948
30, 129, -20.3276
31, 129, -19.4979
32, 129, -18.8879
1, 132, -9.6392
2, 132, -6.2727
3, 132, -12.5885
4, 132, -24.5566
5, 132, -41.4113
6, 132, -37.4074
7, 132, -30.0071
8, 132, -24.5938
9, 132, -22.7942
10, 132, -24.9101
11, 132, -28.9948
12, 132, -24.9435
13, 132, -24.8161
14, 132, -26.724
15, 132, -26.1937
16, 132, -41.1159
17, 132, -51.7268
18, 132, -24.204
19, 132, -22.6988
20, 132, -22.2011
21, 132, -20.2613
22, 132, -20.5028
23, 132, -20.8313
24, 132, -21.714
25, 132, -27.2118
26, 132, -38.9903
27, 132, -30.3267
28, 132, -23.6665
29, 132, -20.5556
30, 132, -18.8326
31, 132, -18.5548
32, 132, -18.7214
1, 135, -8.9538
2, 135, -6.1407
3, 135, -13.0527
4, 135, -29.7478
5, 135, -36.6069
6, 135, -28.7314
7, 135, -26.2783
8, 135, -24.6184
9, 135, -24.7593
10, 135, -28.2679
11, 135, -35.0565
12, 135, -22.6192
13, 135, -27.2187
14, 135, -30.4575
15, 135, -29.5618
16, 135, -40.1767
17, 135, -33.2725
18, 135, -22.9704
19, 135, -21.8036
20, 135, -21.1247
21, 135, -20.2108
22, 135, -21.484
23, 135, -22.305
24, 135, -23.9548
25, 135, -34.5264
26, 135, -35.4925
27, 135, -24.6882
28, 135, -20.8902
29, 135, -18.9824
30, 135, -18.3203
31, 135, -18.6667
32, 135, -19.9339
1, 138, -8.3554
2, 138, -6.0415
3, 138, -13.5856
4, 138, -44.9649
5, 138, -28.3702
6, 138, -24.5897
7, 138, -23.8355
8, 138, -24.8796
9, 138, -27.7413
10, 138, -34.5679
11, 138, -58.9495
12, 138, -20.9819
13, 138, -31.095
14, 138, -38.0962
15, 138, -35.888
16, 138, -30.9845
17, 138, -27.9313
18, 138, -22.2978
19, 138, -21.4211
20, 138, -20.5557
21, 138, -20.6716
22, 138, -23.3031
23, 138, -24.9038
24, 138, -28.0669
25, 138, -41.0099
26, 138, -26.8392
27, 138, -21.5745
28, 138, -19.2577
29, 138, -18.3025
30, 138, -18.8078
31, 138, -20.0689
32, 138, -23.5042
1, 141, -7.8316
2, 141, -5.9727
3, 141, -14.1866
4, 141, -33.4902
5, 141, -24.2534
6, 141, -21.9048
7, 141, -22.0733
8, 141, -25.3714
9, 141, -32.9225
10, 141, -52.4838
11, 141, -33.8044
12, 141, -19.7801
13, 141, -39.2491
14, 141, -44.4524
15, 141, -53.8155
16, 141, -26.7424
17, 141, -24.8232
18, 141, -22.069
19, 141, -21.4752
20, 141, -20.3993
21, 141, -21.6787
22, 141, -26.4426
23, 141, -29.7225
24, 141, -38.5121
25, 141, -28.5025
26, 141, -22.7598
27, 141, -19.6838
28, 141, -18.4531
29, 141, -18.4541
30, 141, -20.5924
31, 141, -23.6943
32, 141, -36.8428
1, 144, -7.3731
2, 144, -5.932
3, 144, -14.8556
4, 144, -26.4677
5, 144, -21.5282
6, 144, -19.9606
7, 144, -20.7378
8, 144, -26.0959
9, 144, -50.2854
10, 144, -32.3776
11, 144, -28.0214
12, 144, -18.8815
13, 144, -43.2854
14, 144, -32.1147
15, 144, -33.7744
16, 144, -24.0507
17, 144, -22.7203
18, 144, -22.2248
19, 144, -21.9368
20, 144, -20.6063
21, 144, -23.3526
22, 144, -32.6484
23, 144, -45.2239
24, 144, -34.9635
25, 144, -23.6791
26, 144, -20.2782
27, 144, -18.5938
28, 144, -18.3628
29, 144, -19.5411
30, 144, -24.7756
31, 144, -35.909
32, 144, -25.3074
1, 147, -6.9725
2, 147, -5.9175
3, 147, -15.5922
4, 147, -22.7333
5, 147, -19.5247
6, 147, -18.4727
7, 147, -19.6974
8, 147, -27.0643
9, 147, -35.3759
10, 147, -26.7827
11, 147, -24.6384
12, 147, -18.2062
13, 147, -32.0824
14, 147, -27.2386
15, 147, -28.2315
16, 147, -22.1498
17, 147, -21.2053
18, 147, -22.7397
19, 147, -22.8131
20, 147, -21.1546
21, 147, -25.9925
22, 147, -49.701
23, 147, -32.6889
24, 147, -26.3568
25, 147, -20.809
26, 147, -18.6824
27, 147, -18.1218
28, 147, -18.9886
29, 147, -21.9557
30, 147, -40.758
31, 147, -26.6572
32, 147, -17.3555
1, 150, -6.6242
2, 150, -5.9277
3, 150, -16.3959
4, 150, -20.2318
5, 150, -17.9721
6, 150, -17.2979
7, 150, -18.8741
8, 150, -28.2968
9, 150, -28.6022
10, 150, -23.4635
11, 150, -22.2967
12, 150, -17.7013
13, 150, -27.388
14, 150, -24.2148
15, 150, -24.9661
16, 150, -20.7387
17, 150, -20.082
18, 150, -23.6132
19, 150, -24.1505
20, 150, -22.0435
21, 150, -30.4514
22, 150, -30.2185
23, 150, -25.6715
24, 150, -22.2172
25, 150, -18.9096
26, 150, -17.6812
27, 150, -18.1842
28, 150, -20.4571
29, 150, -27.1071
30, 150, -26.0799
31, 150, -18.506
32, 150, -12.9514
1, 153, -6.3234
2, 153, -5.9611
3, 153, -17.2654
4, 153, -18.396
5, 153, -16.7335
6, 153, -16.3543
7, 153, -18.2174
8, 153, -29.8257
9, 153, -24.9188
10, 153, -21.1574
11, 153, -20.5555
12, 153, -17.3285
13, 153, -24.4482
14, 153, -22.0805
15, 153, -22.7132
16, 153, -19.6644
17, 153, -19.2393
18, 153, -24.8687
19, 153, -26.0557
20, 153, -23.2923
21, 153, -41.2896
22, 153, -24.7019
23, 153, -21.9505
24, 153, -19.5893
25, 153, -17.6143
26, 153, -17.1217
27, 153, -18.7528
28, 153, -23.1442
29, 153, -67.1733
30, 153, -18.7443
31, 153, -14.1095
32, 153, -9.9456
1, 156, -6.0667
2, 156, -6.0166
3, 156, -18.1986
4, 156, -16.9862
5, 156, -15.7299
6, 156, -15.5901
7, 156, -17.6924
8, 156, -31.6991
9, 156, -22.4535
10, 156, -19.4453
11, 156, -19.2148
12, 156, -17.0591
13, 156, -22.3709
14, 156, -20.4842
15, 156, -21.0505
16, 156, -18.8367
17, 156, -18.6063
18, 156, -26.5608
19, 156, -28.7581
20, 156, -24.9457
21, 156, -37.7082
22, 156, -21.4797
23, 156, -19.5129
24, 156, -17.7614
25, 156, -16.7381
26, 156, -16.908
27, 156, -19.8443
28, 156, -28.2914
29, 156, -26.2765
30, 156, -14.6561
31, 156, -11.1419
32, 156, -7.7357
1, 159, -5.8509
2, 159, -6.0932
3, 159, -19.1912
4, 159, -15.8791
5, 159, -14.9122
6, 159, -14.9707
7, 159, -17.2738
8, 159, -33.9879
9, 159, -20.67
10, 159, -18.1354
11, 159, -18.1665
12, 159, -16.8698
13, 159, -20.8239
14, 159, -19.2566
15, 159, -19.7835
16, 159, -18.197
17, 159, -18.1335
18, 159, -28.7927
19, 159, -32.8232
20, 159, -27.0875
21, 159, -29.3792
22, 159, -19.2967
23, 159, -17.7877
24, 159, -16.4408
25, 159, -16.1687
26, 159, -16.9699
27, 159, -21.528
28, 159, -48.604
29, 159, -20.0044
30, 159, -11.8846
31, 159, -8.9768
32, 159, -6.058
1, 162, -5.674
2, 162, -6.1904
3, 162, -20.2366
4, 162, -15.003
5, 162, -14.2473
6, 162, -14.4721
7, 162, -16.9425
8, 162, -36.7964
9, 162, -19.3388
10, 162, -17.1246
11, 162, -17.346
12, 162, -16.7417
13, 162, -19.6464
14, 162, -18.3031
15, 162, -18.8057
16, 162, -17.7043
17, 162, -17.784
18, 162, -31.7638
19, 162, -40.3304
20, 162, -29.8716
21, 162, -25.4477
22, 162, -17.7296
23, 162, -16.5269
24, 162, -15.4741
25, 162, -15.827
26, 162, -17.247
27, 162, -23.9603
28, 162, -29.8042
29, 162, -16.4266
30, 162, -9.871
31, 162, -7.3461
32, 162, -4.7692
1, 165, -5.5339
2, 165, -6.3075
3, 165, -21.324
4, 165, -14.313
5, 165, -13.7129
6, 165, -14.0769
7, 165, -16.6841
8, 165, -40.2759
9, 165, -18.342
10, 165, -16.3514
11, 165, -16.7118
12, 165, -16.6591
13, 165, -18.7491
14, 165, -17.5656
15, 165, -18.053
16, 165, -17.3285
17, 165, -17.5293
18, 165, -35.9102
19, 165, -51.9896
20, 165, -33.6092
21, 165, -23.0148
22, 165, -16.5811
23, 165, -15.5979
24, 165, -14.7686
25, 165, -15.6514
26, 165, -17.6792
27, 165, -27.4935
28, 165, -23.4347
29, 165, -14.0356
30, 165, -8.3708
31, 165, -6.1074
32, 165, -3.781
1, 168, -5.4295
2, 168, -6.4444
3, 168, -22.4367
4, 168, -13.7797
5, 168, -13.2929
6, 168, -13.7724
7, 168, -16.4872
8, 168, -44.6246
9, 168, -17.6118
10, 168, -15.7773
11, 168, -16.2368
12, 168, -16.6085
13, 168, -18.078
14, 168, -17.0063
15, 168, -17.484
16, 168, -17.0475
17, 168, -17.3467
18, 168, -42.5212
19, 168, -37.7175
20, 168, -39.0737
21, 168, -21.3886
22, 168, -15.7427
23, 168, -14.9208
24, 168, -14.2625
25, 168, -15.5902
26, 168, -18.2002
27, 168, -33.1126
28, 168, -20.0763
29, 168, -12.3575
30, 168, -7.2539
31, 168, -5.1753
32, 168, -3.0345
1, 171, -5.3595
2, 171, -6.6009
3, 171, -23.5509
4, 171, -13.3833
5, 171, -12.9761
6, 171, -13.5496
7, 171, -16.3432
8, 171, -49.9351
9, 171, -17.1077
10, 171, -15.3778
11, 171, -15.9027
12, 171, -16.5792
13, 171, -17.5993
14, 171, -16.6004
15, 171, -17.0716
16, 171, -16.8447
17, 171, -17.2188
18, 171, -63.6445
19, 171, -33.4012
20, 171, -49.561
21, 171, -20.2953
22, 171, -15.1494
23, 171, -14.4438
24, 171, -13.9128
25, 171, -15.5986
26, 171, -18.7352
27, 171, -46.6053
28, 171, -18.0029
29, 171, -11.1815
30, 171, -6.4434
31, 171, -4.4949
32, 171, -2.4889
1, 174, -5.3235
2, 174, -6.7774
3, 174, -24.6332
4, 174, -13.1102
5, 174, -12.7548
6, 174, -13.4018
7, 174, -16.2457
8, 174, -55.0933
9, 174, -16.8054
10, 174, -15.1374
11, 174, -15.6983
12, 174, -16.5625
13, 174, -17.2918
14, 174, -16.3317
15, 174, -16.7983
16, 174, -16.7086
17, 174, -17.1326
18, 174, -47.7162
19, 174, -31.2859
20, 174, -53.2772
21, 174, -19.6028
22, 174, -14.7601
23, 174, -14.1331
24, 174, -13.6895
25, 174, -15.6384
26, 174, -19.2028
27, 174, -41.1587
28, 174, -16.7111
29, 174, -10.3978
30, 174, -5.8913
31, 174, -4.0302
32, 174, -2.116
1, 177, -5.3209
2, 177, -6.9744
3, 177, -25.6402
4, 177, -12.9518
5, 177, -12.6238
6, 177, -13.3247
7, 177, -16.1902
8, 177, -55.5252
9, 177, -16.6917
10, 177, -15.0478
11, 177, -15.6172
12, 177, -16.5523
13, 177, -17.1439
14, 177, -16.1907
15, 177, -16.6536
16, 177, -16.6318
17, 177, -17.0796
18, 177, -43.613
19, 177, -30.3296
20, 177, -45.8269
21, 177, -19.2433
22, 177, -14.5499
23, 177, -13.9672
24, 177, -13.5724
25, 177, -15.6802
26, 177, -19.5251
27, 177, -35.291
28, 177, -15.9948
29, 177, -9.9466
30, 177, -5.5685
31, 177, -3.7581
32, 177, -1.8968
1, 180, -5.352
2, 180, -7.1926
3, 180, -26.5196
4, 180, -12.9028
5, 180, -12.5803
6, 180, -13.3157
7, 180, -16.1741
8, 180, -50.5663
9, 180, -16.7619
10, 180, -15.1063
11, 180, -15.6579
12, 180, -16.5446
13, 180, -17.1507
14, 180, -16.1732
15, 180, -16.6331
16, 180, -16.6116
17, 180, -17.056
18, 180, -43.5126
19, 180, -30.2374
20, 180, -45.394
21, 180, -19.1857
22, 180, -14.506
23, 180, -13.9346
24, 180, -13.5504
25, 180, -15.7052
26, 180, -19.6443
27, 180, -33.952
28, 180, -15.7638
29, 180, -9.7969
30, 180, -5.4586
31, 180, -3.6656
32, 180, -1.8205